stage,sufficiency_mean,dimension_coverage_mean,evidence_count_mean,passport_ready_rate,source_family_count
Orders only,0.0863,0.11573333333333334,1.0,0.0,4
+Pay/Refund/Subsidy,0.34286666666666665,0.3888666666666667,3.3333333333333335,0.0,6
+Logistics/Reviews,0.4640666666666666,0.5416666666666666,5.0,0.0,8
+Device/IP/Logs,0.7106666666666667,0.8472333333333334,7.666666666666667,0.0,12
+Memory/Counter,0.8754333333333332,1.0,9.333333333333334,1.0,15
